username,user id,access hash,name,group,group id
,6864720911,-1280804310386635009,~~,–ü–û–í(–±)-1-23‚ù§Ô∏è,2118885352
,5932289276,8142672509720267408,inan,–ü–û–í(–±)-1-23‚ù§Ô∏è,2118885352
,6630387684,-6797140993427644462,ba1toroevv,–ü–û–í(–±)-1-23‚ù§Ô∏è,2118885352
gulassell,1637863946,5053921468994443471,–ì—É–ª–∞—Å–µ–ª,–ü–û–í(–±)-1-23‚ù§Ô∏è,2118885352
bdIPiGvhjW1k0T9,1629741428,-2917926825106635473,–î–∏–ª–≥–µ—Ä,–ü–û–í(–±)-1-23‚ù§Ô∏è,2118885352
,5968516078,4376830047440834476,–ê–∫—Ç–∏–ª–µ–∫,–ü–û–í(–±)-1-23‚ù§Ô∏è,2118885352
www0505e,1259486090,3442292942731834021,.,–ü–û–í(–±)-1-23‚ù§Ô∏è,2118885352
beka_stan,6064303468,4365475747819409238,5ekastan,–ü–û–í(–±)-1-23‚ù§Ô∏è,2118885352
,6391339997,-4113873042316293808,,–ü–û–í(–±)-1-23‚ù§Ô∏è,2118885352
e1iiz0,1836987628,2633234035110398953,Eliza,–ü–û–í(–±)-1-23‚ù§Ô∏è,2118885352
,1919242318,8079257825723083222,Adilova,–ü–û–í(–±)-1-23‚ù§Ô∏è,2118885352
Wehgss,5856376936,-2019567194796840241,Eshpolot,–ü–û–í(–±)-1-23‚ù§Ô∏è,2118885352
wz6604,1920465438,1656401577645560599,–°–∞–∏–¥,–ü–û–í(–±)-1-23‚ù§Ô∏è,2118885352
mustafo_o5,911408272,-3660622475195695196,Shahboz_05,–ü–û–í(–±)-1-23‚ù§Ô∏è,2118885352
,2069712940,6308111733961450364,...,–ü–û–í(–±)-1-23‚ù§Ô∏è,2118885352
,5858817028,2971900350087145011,1,–ü–û–í(–±)-1-23‚ù§Ô∏è,2118885352
MafiaBakuBlackBot,1044037207,-4708844513146824234,Mafia Baku Black,–ü–û–í(–±)-1-23‚ù§Ô∏è,2118885352
sadirov_7,6421759733,-2456079094646517266,sadirovvv,–ü–û–í(–±)-1-23‚ù§Ô∏è,2118885352
Aaa_kai07,1490762316,-82868091392639091,–†—ã—Å,–ü–û–í(–±)-1-23‚ù§Ô∏è,2118885352
TrueMafiaBot,468253535,-8484867457325208240,ü§µüèª True Mafia,–ü–û–í(–±)-1-23‚ù§Ô∏è,2118885352
,1253530150,5414752056010630484,–¢–∏–º—É—Ä–ª–∞–Ω –ì—Ä–ø –î–æ—Å,–ü–û–í(–±)-1-23‚ù§Ô∏è,2118885352
,5105863433,-2753027846814841857,–ë–µ–∫–∞,–ü–û–í(–±)-1-23‚ù§Ô∏è,2118885352
,6008347560,-2415521466802421583,. .,–ü–û–í(–±)-1-23‚ù§Ô∏è,2118885352
,5676248294,7473207783080729976,~~,–ü–û–í(–±)-1-23‚ù§Ô∏è,2118885352
,5627568247,-690183849931527744,–ê,–ü–û–í(–±)-1-23‚ù§Ô∏è,2118885352
,5454374625,2740843630793107060,Izatillo,–ü–û–í(–±)-1-23‚ù§Ô∏è,2118885352
javastrt,1476853344,7067786269301784778,–ò—Å—Ö–∞–∫ –ñ–∞—Ä–º–∞—Ç–æ–≤,–ü–û–í(–±)-1-23‚ù§Ô∏è,2118885352
